pagename,author,title,target
unpopularopinion,RichPeasent84,Christmas decorations should not go up before the 1st of December,0
unpopularopinion,Kiemons,Eco friendly does nothing to help the environment or barley.,0
unpopularopinion,Explosive_frog790108,Lord Of The Rings was always better than Harry Potter.,0
unpopularopinion,-momi,"The steoreotype of ""student running on four hours of sleep and a package of instant ramen"" is not cool and damaging to student mental health",0
unpopularopinion,StayDoomsdaySleepy,Celebrity charity is bullshit,0
unpopularopinion,redking0213,"Society doesn‚Äôt need any more people, there is no more need to procreate, hell even procreation is a selfish act",1
unpopularopinion,gaydhd,"If someone looks clean and doesn‚Äôt smell, their hygiene routine is 100% irrelevant.",0
unpopularopinion,melwah2,"Representation does not matter in regards of politics, only experience and education does",0
unpopularopinion,Explosive_frog790108,Lord Of The Rings was always better than Harry Potter.,0
unpopularopinion,DanceJessicaDance,Sign language should be a requirement in high school.,0
unpopularopinion,Mark_Zuckrenbrenge,Enought of Classic music,0
unpopularopinion,Kiemons,Eco friendly does nothing to help the environment or barley.,0
unpopularopinion,ImAVintageMan,Quilts are an underated form of coverage.,0
unpopularopinion,wealthy,Not everyone is beautiful,1
unpopularopinion,B33Lit,Outer space is way too over hyped,0
unpopularopinion,RichPeasent84,Christmas decorations should not go up before the 1st of December,0
unpopularopinion,C0ll0idal0atmeal,"Your ""unique"" baby name is bad",0
unpopularopinion,thehamzaamin,Shoes are meant to wear and get dirty. Maybe you should stop buying expensive shoes.,0
unpopularopinion,-momi,"The steoreotype of ""student running on four hours of sleep and a package of instant ramen"" is not cool and damaging to student mental health",0
unpopularopinion,gaydhd,"If someone looks clean and doesn‚Äôt smell, their hygiene routine is 100% irrelevant.",0
unpopularopinion,Mlaer7351,"Trump haters won't keep that same "" I Voted"" energy when it comes to local (non federal/presidential) elections??",0
unpopularopinion,C0ll0idal0atmeal,"Your ""unique"" baby name is bad",0
unpopularopinion,gaydhd,"If someone looks clean and doesn‚Äôt smell, their hygiene routine is 100% irrelevant.",0
leagueoflegends,Callumborn2,A message to laners from a jungler,0
leagueoflegends,Legoman7861,Is Zed's 52% WR/ 49% BR going to be addressed?,0
leagueoflegends,Skall77,Former LCS and LCK Player Rush will serve his military service in 2021,1
leagueoflegends,Sharjo,Riot's Design Philosophy on Monster Champions Makes Me Sad,0
leagueoflegends,JalexRosa,I made my Yone cosplay look like a cinematic (kinda),0
leagueoflegends,garuraa,This sounds weird but Legends of Runeterra feels more like League of Legends than League of Legends.,0
leagueoflegends,Sharjo,Riot's Design Philosophy on Monster Champions Makes Me Sad,0
leagueoflegends,garuraa,This sounds weird but Legends of Runeterra feels more like League of Legends than League of Legends.,0
Feminism,MariaCN,Why did everyone forget Tara Reade?,0
Feminism,UniquePaperclip,Congratulations. Kamala Harris is now officially the first ever female Vice President of the United States.,0
Feminism,laluabbott,"""Mr. Vice President, I'm speaking.""",1
Feminism,UniquePaperclip,Congratulations. Kamala Harris is now officially the first ever female Vice President of the United States.,0
Feminism,UniquePaperclip,Congratulations. Kamala Harris is now officially the first ever female Vice President of the United States.,0
Feminism,UniquePaperclip,Congratulations. Kamala Harris is now officially the first ever female Vice President of the United States.,0
Feminism,UniquePaperclip,Congratulations. Kamala Harris is now officially the first ever female Vice President of the United States.,0
Feminism,UniquePaperclip,Congratulations. Kamala Harris is now officially the first ever female Vice President of the United States.,0
Feminism,UniquePaperclip,Congratulations. Kamala Harris is now officially the first ever female Vice President of the United States.,1
ToxicAMWF,AVWEFILAVWTIUTA,Chans: AMWF men are not self-hating not White-worshiping. Also Chans: ‚ÄúI personally find the features of White women MUCH more attractive.‚Äù,1
ToxicAMWF,AVWEFILAVWTIUTA,ToxicAMWF Mom gaslights her Hapa daughter and denies racism.,1
ToxicAMWF,AVWEFILAVWTIUTA,"ToxicAMWF Mom hates that her Hapa daughter is embracing her Korean culture. But White women are soooo accepting of Asian people and Asian culture, though! /s",1
ToxicAMWF,AVWEFILAVWTIUTA,Chans: AMWF men are not self-hating not White-worshiping. Also Chans: ‚ÄúI personally find the features of White women MUCH more attractive.‚Äù,0
ToxicAMWF,AVWEFILAVWTIUTA,Chans: AMWF men are not self-hating not White-worshiping. Also Chans: ‚ÄúI personally find the features of White women MUCH more attractive.‚Äù,0
ToxicAMWF,goldstand,I think somebody's trying to impersonate me. And I think we all know who that could be. #ChanTheeNay3.üòÇ,0
ToxicAMWF,AVWEFILAVWTIUTA,"""Every asian man shitting on asian women for not 'dating in the race' will never account for lesbians, which tells me all he wants is sexual access to asian women whether they want him or not and its ugly""",0
ToxicAMWF,goldstand,More evidence that Asian men have lower standards for white women.,0
ToxicAMWF,omarsoto1970,"Unwoke Uncle Tom BM complains about the speech given by the director of the Korean movie ""Parasite"", WOKE WMAF HF Chrissy Teigen puts him in his place",0
unpopularopinion,C0ll0idal0atmeal,"Your ""unique"" baby name is bad",0
unpopularopinion,VESTINGboot,Election Day(and lead up) Megathread,0
leagueoflegends,JalexRosa,I made my Yone cosplay look like a cinematic (kinda),0
leagueoflegends,garuraa,This sounds weird but Legends of Runeterra feels more like League of Legends than League of Legends.,0
leagueoflegends,Colton147147,Senna is greatly struggling support so here is some reasonable buffs to make her viable without breaking her,0
leagueoflegends,xplodex,Cho‚ÄôGath‚Äôs Q size should scale with his own size.,0
leagueoflegends,JalexRosa,I made my Yone cosplay look like a cinematic (kinda),0
leagueoflegends,PKAYBeam,Jacob Wolf: PowerOfEvil will be a free agent ahead of the 2021 season,0
leagueoflegends,JaqeyWasTaken,How the hell is Samira's 60% banrate okay?,0
leagueoflegends,JalexRosa,I made my Yone cosplay look like a cinematic (kinda),0
leagueoflegends,PKAYBeam,Jacob Wolf: PowerOfEvil will be a free agent ahead of the 2021 season,0
leagueoflegends,Legoman7861,Is Zed's 52% WR/ 49% BR going to be addressed?,0
leagueoflegends,garuraa,This sounds weird but Legends of Runeterra feels more like League of Legends than League of Legends.,0
leagueoflegends,Fuselier,PowerOfEvil declines player option,0
leagueoflegends,FarEastOctopus,"Korean T1 fans fundraised a truck carrying the messages of them. The truck is currently driving down the most important avenues of downtown Seoul, including SK Telecom's HQ and Gangnam. Fans are hoping that these pictures will get the attention of T1 management and the Korean eSports press.",0
leagueoflegends,JaqeyWasTaken,How the hell is Samira's 60% banrate okay?,0
leagueoflegends,asura007,Seraphine:Would you like to hear their song?,0
leagueoflegends,panophobicghost,Made a little KDA Seraphine Icon!,0
leagueoflegends,Colton147147,Senna is greatly struggling support so here is some reasonable buffs to make her viable without breaking her,0
Feminism,UniquePaperclip,Congratulations. Kamala Harris is now officially the first ever female Vice President of the United States.,0
Feminism,UniquePaperclip,Congratulations. Kamala Harris is now officially the first ever female Vice President of the United States.,0
Feminism,UniquePaperclip,Congratulations. Kamala Harris is now officially the first ever female Vice President of the United States.,0
Feminism,UniquePaperclip,Congratulations. Kamala Harris is now officially the first ever female Vice President of the United States.,0
Feminism,BuchoTheSecond,What are feminists thoughts on Kamala possibly becoming first female president.,0
Feminism,UniquePaperclip,Congratulations. Kamala Harris is now officially the first ever female Vice President of the United States.,0
Feminism,BuchoTheSecond,What are feminists thoughts on Kamala possibly becoming first female president.,0
Feminism,FleurCisTrude,Movies,0
Feminism,laluabbott,"""Mr. Vice President, I'm speaking.""",0
Feminism,laluabbott,"""Mr. Vice President, I'm speaking.""",0
Feminism,UniquePaperclip,Congratulations. Kamala Harris is now officially the first ever female Vice President of the United States.,0
Feminism,MistWeaver80,"""Poland‚Äôs rightwing government has delayed implementation of a controversial court ruling that would outlaw almost all abortion in the country, after it prompted the largest protests since the fall of communism."" Grassroot activism works. Forced pregnancy = reproductive slavery",0
Feminism,UniquePaperclip,Congratulations. Kamala Harris is now officially the first ever female Vice President of the United States.,0
Feminism,UniquePaperclip,Congratulations. Kamala Harris is now officially the first ever female Vice President of the United States.,0
Feminism,UniquePaperclip,Congratulations. Kamala Harris is now officially the first ever female Vice President of the United States.,0
Feminism,UniquePaperclip,Congratulations. Kamala Harris is now officially the first ever female Vice President of the United States.,0
ToxicAMWF,omarsoto1970,"The only people I hate more than Chans,Lus and other POC race-traitors is the racist wypipo they LOVE to defend. #FuckWhiteGuys #IReallyHopeSheDoesComeHomeWithABlackMan #InsecureMuch? #SmallWhiteMicropenisAlert",1
ToxicAMWF,omarsoto1970,"Everyone, I FOUND OUT the alt account of u/TheeNay3!",0
ToxicAMWF,AVWEFILAVWTIUTA,#Self-Loathing CHAN,1
ToxicAMWF,omarsoto1970,"Everyone, I FOUND OUT the alt account of u/TheeNay3!",0
ToxicAMWF,omarsoto1970,AM posts an incredibly RACIST comment about Hispanics in ChanIdentity #ChansExposed #ChansStrikeAgain,0
ToxicAMWF,omarsoto1970,AM posts an incredibly RACIST comment about Hispanics in ChanIdentity #ChansExposed #ChansStrikeAgain,0
ToxicAMWF,AVWEFILAVWTIUTA,White woman mocks the accent of her Hapa son's Asian Dad and family members.,1
ToxicAMWF,omarsoto1970,"The only people I hate more than Chans,Lus and other POC race-traitors is the racist wypipo they LOVE to defend. #FuckWhiteGuys #IReallyHopeSheDoesComeHomeWithABlackMan #InsecureMuch? #SmallWhiteMicropenisAlert",1
ToxicAMWF,omarsoto1970,I will happily be honored to receive this banüòä,0
ToxicAMWF,omarsoto1970,"""But-but-but AM aren't self-hating/loathing unlike AF"" #ChansStrikeAgain #InternalizedRacism #UncleChan",0
ToxicAMWF,omarsoto1970,"First AM sheriff in California vows to protect immigrants from Drumpf's policies. THIS is what the Chans of r/aznidentity, r/AsianMasculinity, r/hapas, and r/EasternSunRising SHOULD aspire to be. Unfortunately, the vast majority of them NEVER will.",1
ToxicAMWF,omarsoto1970,"""But-but-but AM aren't self-hating/loathing unlike AF"" #ChansStrikeAgain #InternalizedRacism #UncleChan",0
ToxicAMWF,omarsoto1970,"""But-but-but AM aren't self-hating/loathing unlike AF"" #ChansStrikeAgain #InternalizedRacism #UncleChan",1
ToxicAMWF,omarsoto1970,"LOLOLOLOL: Seriously, me unwoke!? Hilarious coming from the likes of such a Chan like him, who is DEFINITELY NOT WOKE in the slightest whatsoever!",1
ToxicAMWF,omarsoto1970,"""But-but-but AM aren't self-hating/loathing unlike AF"" #ChansStrikeAgain #InternalizedRacism #UncleChan",0
ToxicAMWF,omarsoto1970,"Unwoke Uncle Tom BM complains about the speech given by the director of the Korean movie ""Parasite"", WOKE WMAF HF Chrissy Teigen puts him in his place",0
Conservative,IBiteYou,r/republican and r/conservatives are private for now. This is due to absolute rank abuse and death threats from the left. We know we do this for free...but we won't do THIS for free right now.,1
